Idea Id,Idea Name,Domain,technologies
I#20250001,Finance Dept,Public Services,['ai_ml']
I#20250002,Goods Movement Anomaly Detection,Public Services,[]
I#20250003,AI-driven Revenue Forecasting,Public Services,[]
I#20250004,AI Assisted Tax Research & Policy Making,Public Services,['ai_ml']
I#20250005,Fake Invoice & ITC Fraud Detection,Public Services,['ai_ml']
I#20250006,Predictive Risk Insights,Public Services,[]
I#20250007,Fraud Risk Scoring (Composite AI Model),Public Services,['ai_ml']
I#20250008,Visualization & Enforcement Dashboards,Public Services,[]
I#20250009,Usage of AI and ML in Law Enforcement,Public Services,[]
I#20250010,"AI-Law Assistant for End-to-End Criminal 
Case Support ",Public Services,['nlp']
I#20250011,"Traditional CCTV and drone surveillance systems generate vast amounts of  
video but remain passive, requiring human operators to manually monitor   
",Public Services,[]
I#20250012,Kerala Police face manual,Public Services,[]
I#20250013,"SSB hold vast amounts of unstructured and semi-structured information, 
majority of which is in Malayalam, spread across reports, databases, profiles, 
and archives. Currently, retrieving relevant information about a person, 
subject, or scheme requires manual search through multiple files and 
formats. This results in delays, inefficiencies, and the risk of missing critical 
insights. Officers face challenges in accessing accurate data quickly, especially 
when queries are made in Malayalam.",Public Services,['nlp']
I#20250014," AI/ML 
middleware engine that can intelligently query, summarize, and 
prepare reports from structured and unstructured data",Public Services,[]
I#20250015,AI-powered Facial Recognition & Vehicle Identification System for Intelligence Operations,Public Services,[]
I#20250016,"Citizen-Centric Anti-Corruption Complaint Management 
System (C3MS) will leverage AI, blockchain, and advanced 
analytics ",Public Services,"['ai_ml', 'blockchain', 'big_data']"
I#20250017,AI-Powered Dairy Data Validation and Beneficiary Selection System,Public Services,"['ai_ml', 'nlp', 'iot', 'big_data']"
I#20250018,"AI-Powered Strategic Dairy Production and Breeding Optimization 
System ",Public Services,['ai_ml']
I#20250019,AI-driven behavioural analysis of students,Public Services,[]
I#20250020,AI-driven socio-economic trend analysis,Public Services,[]
I#20250021,AI-based agricultural forecasting,Public Services,[]
I#20250022,Automated statistical data quality assurance,Public Services,[]
I#20250023,AI-powered demographic projections,Public Services,[]
I#20250024,AI-driven socio-economic trend analysis AI-based agricultural forecasting Automated statistical data quality assurance AI-powered demographic projections AI models for price and inflation forecasting,Public Services,['ai_ml']
I#20250025,"AI-based tools for appraisal, scrutiny, monitoring of EIA applications in SEIAA & SEAC, with 
legal drafting support for instructions and counter-affidavits.  ",Public Services,[]
I#20250026,"AI-driven environmental data analysis and predictive modeling using institutional 
submissions through the portal. ",Public Services,['ai_ml']
I#20250027,Automated Application Processing & Evaluation of projects using AI/ML integrated with the existing schemes portal.,Public Services,['ai_ml']
I#20250028,AI-Powered Legal Opinion Assistant,Public Services,[]
I#20250029,AI-Powered Legal Assistant for Government,Public Services,"['ai_ml', 'nlp']"
I#20250030,AI-Enabled Local Development Assistance Planner,Public Services,['ai_ml']
I#20250031,"Develop AI tool to integrate and analyze data on rainfall, soil moisture, 
groundwater levels, and consumption patterns to support data-driven water 
planning at the Local Body level",Public Services,['ai_ml']
I#20250032,AI-powered landslide risk prediction and  mapping,Public Services,['iot']
I#20250033,AI-based rapid damage assessment,Public Services,[]
I#20250034,Livestock diseases identification tool,Public Services,"['ai_ml', 'computer_vision']"
I#20250035,AI-powered Health Screening with Consent-based Data Sharing,Public Services,[]
I#20250036,"NLP-enabled Real-time Consultation Transcription with 
Voice assistance , Integration with Digital Health Systems ",Public Services,"['ai_ml', 'nlp']"
I#20250037,"Compliance monitoring is not effective due to lack of adequate inspecting 
officers.",Public Services,"['ai_ml', 'iot', 'big_data']"
I#20250038," 
Legal management system for assistance to Board officers ",Public Services,[]
I#20250039,"Auto generation of reports and documents from the data available from the 
various web applications of the Board. ",Public Services,"['ai_ml', 'big_data']"
I#20250040,"Handling queries from public regarding the norms and services of the Board, 
scrutiny of applications and documents, fraud detection, compliance 
monitoring, data analytics, identification of pollution hot spots, evaluation of 
carrying capacity prior to grant of Consent to Establish for polluting 
industries, generation of reports, legal action management",Public Services,['ai_ml']
I#20250041,"AI-Based Employer Financial Health Assessment System for 
Compliance Optimization & Crisis Support ",Public Services,['ai_ml']
I#20250042,"AI-Powered Registration Helpdesk 
",Public Services,['ai_ml']
I#20250043,"AI-powered document digitization, extraction, compression, 
and PDF management system integrated with the PEARL 
platform. ",Public Services,"['ai_ml', 'nlp']"
I#20250044,"AI-Powered Document Registration Reporting, and Revenue 
Optimization System ",Public Services,[]
I#20250045,AI-powered anomaly detection in land records,Public Services,[]
I#20250046,AI-driven claim verification and prioritization,Public Services,['ai_ml']
I#20250047,Implement an AI system that uses document verification + satellite imagery + land valuation models to assist RDO and Village Officers in decision-making,Public Services,[]
I#20250048,"Online application for Revenue Department citizen services (25+ certificates 
such as income, domicile, caste, solvency, nativity, etc.) ",Public Services,[]
I#20250049,Dynamic dashboard and Intelligent query based dynamic reporting using data analytics,Dairy & Livestock,[]
I#20250050,AI-based anomaly detection for fraud prevention,Public Services,['ai_ml']
I#20250051,AI-based complaint classification and prioritization,Public Services,"['ai_ml', 'nlp']"
I#20250052,AI-Powered Decision Support System,Public Services,['ai_ml']
I#20250053,Intelligent GO Search,Public Services,['ai_ml']
I#20250054,Predictive analytics for demand forecasting and policy impact assessment,Healthcare Services,[]
I#20250055,Computer vision for automated monitoring via satellite and CCTV feeds,Industry & Infrastructure,[]
