Idea Id,Idea Name,Domain,technologies,Idea Description
I#20250001,Finance Dept,Public Services,['ai_ml'],"This advanced solution utilizes ai_ml to manage financial operations and revenue optimization, addressing key challenges in the public services domain."
I#20250002,Goods Movement Anomaly Detection,Public Services,[],"This innovative solution leverages advanced analytics and machine learning to detect and prevent fraudulent activities through advanced pattern recognition, specifically tailored for public services applications."
I#20250003,AI-driven Revenue Forecasting,Public Services,[],"A comprehensive platform that uses advanced analytics and machine learning for provide accurate predictions and future trend analysis, enhancing efficiency and outcomes in public services operations."
I#20250004,AI Assisted Tax Research & Policy Making,Public Services,['ai_ml'],An AI-powered system designed to conduct comprehensive data analysis and generate actionable insights through advanced ai_ml implementation in the public services sector.
I#20250005,Fake Invoice & ITC Fraud Detection,Public Services,['ai_ml'],"This advanced solution utilizes ai_ml to detect and prevent fraudulent activities through advanced pattern recognition, addressing key challenges in the public services domain."
I#20250006,Predictive Risk Insights,Public Services,[],"An automated system that employs advanced analytics and machine learning to provide accurate predictions and future trend analysis, delivering improved performance in public services management."
I#20250007,Fraud Risk Scoring (Composite AI Model),Public Services,['ai_ml'],"An automated system that employs ai_ml to detect and prevent fraudulent activities through advanced pattern recognition, delivering improved performance in public services management."
I#20250008,Visualization & Enforcement Dashboards,Public Services,[],"A comprehensive platform that uses advanced analytics and machine learning for generate comprehensive reports and interactive dashboards, enhancing efficiency and outcomes in public services operations."
I#20250009,Usage of AI and ML in Law Enforcement,Public Services,[],"This advanced solution utilizes advanced analytics and machine learning to leverage artificial intelligence to enhance decision-making processes, addressing key challenges in the public services domain."
I#20250010,"AI-Law Assistant for End-to-End Criminal 
Case Support ",Public Services,['nlp'],"An automated system that employs nlp to provide legal assistance and advisory services, delivering improved performance in public services management."
I#20250011,"Traditional CCTV and drone surveillance systems generate vast amounts of  
video but remain passive, requiring human operators to manually monitor   
",Public Services,[],An AI-powered system designed to monitor activities and track performance metrics in real-time through advanced advanced analytics and machine learning implementation in the public services sector.
I#20250012,Kerala Police face manual,Public Services,[],"This advanced solution utilizes advanced analytics and machine learning to enhance operational capabilities and service delivery, addressing key challenges in the public services domain."
I#20250013,"SSB hold vast amounts of unstructured and semi-structured information, 
majority of which is in Malayalam, spread across reports, databases, profiles, 
and archives. Currently, retrieving relevant information about a person, 
subject, or scheme requires manual search through multiple files and 
formats. This results in delays, inefficiencies, and the risk of missing critical 
insights. Officers face challenges in accessing accurate data quickly, especially 
when queries are made in Malayalam.",Public Services,['nlp'],"An automated system that employs nlp to analyze data and generate valuable business intelligence, delivering improved performance in public services management."
I#20250014," AI/ML 
middleware engine that can intelligently query, summarize, and 
prepare reports from structured and unstructured data",Public Services,[],"An automated system that employs advanced analytics and machine learning to leverage artificial intelligence to enhance decision-making processes, delivering improved performance in public services management."
I#20250015,AI-powered Facial Recognition & Vehicle Identification System for Intelligence Operations,Public Services,[],An AI-powered system designed to facilitate intelligent selection and identification processes through advanced advanced analytics and machine learning implementation in the public services sector.
I#20250016,"Citizen-Centric Anti-Corruption Complaint Management 
System (C3MS) will leverage AI, blockchain, and advanced 
analytics ",Public Services,"['ai_ml', 'blockchain', 'big_data']","This innovative solution leverages ai_ml, blockchain, and big_data to conduct comprehensive data analysis and generate actionable insights, specifically tailored for public services applications."
I#20250017,AI-Powered Dairy Data Validation and Beneficiary Selection System,Public Services,"['ai_ml', 'nlp', 'iot', 'big_data']","This advanced solution utilizes ai_ml, nlp, iot, and big_data to validate data accuracy and ensure information integrity, addressing key challenges in the public services domain."
I#20250018,"AI-Powered Strategic Dairy Production and Breeding Optimization 
System ",Public Services,['ai_ml'],"This innovative solution leverages ai_ml to optimize processes and improve operational efficiency, specifically tailored for public services applications."
I#20250019,AI-driven behavioural analysis of students,Public Services,[],"This innovative solution leverages advanced analytics and machine learning to conduct comprehensive data analysis and generate actionable insights, specifically tailored for public services applications."
I#20250020,AI-driven socio-economic trend analysis,Public Services,[],"This advanced solution utilizes advanced analytics and machine learning to conduct comprehensive data analysis and generate actionable insights, addressing key challenges in the public services domain."
I#20250021,AI-based agricultural forecasting,Public Services,[],"A comprehensive platform that uses advanced analytics and machine learning for provide accurate predictions and future trend analysis, enhancing efficiency and outcomes in public services operations."
I#20250022,Automated statistical data quality assurance,Public Services,[],"An automated system that employs advanced analytics and machine learning to analyze data and generate valuable business intelligence, delivering improved performance in public services management."
I#20250023,AI-powered demographic projections,Public Services,[],"A comprehensive platform that uses advanced analytics and machine learning for leverage artificial intelligence to enhance decision-making processes, enhancing efficiency and outcomes in public services operations."
I#20250024,AI-driven socio-economic trend analysis AI-based agricultural forecasting Automated statistical data quality assurance AI-powered demographic projections AI models for price and inflation forecasting,Public Services,['ai_ml'],"An automated system that employs ai_ml to provide accurate predictions and future trend analysis, delivering improved performance in public services management."
I#20250025,"AI-based tools for appraisal, scrutiny, monitoring of EIA applications in SEIAA & SEAC, with 
legal drafting support for instructions and counter-affidavits.  ",Public Services,[],"This advanced solution utilizes advanced analytics and machine learning to monitor activities and track performance metrics in real-time, addressing key challenges in the public services domain."
I#20250026,"AI-driven environmental data analysis and predictive modeling using institutional 
submissions through the portal. ",Public Services,['ai_ml'],An AI-powered system designed to provide accurate predictions and future trend analysis through advanced ai_ml implementation in the public services sector.
I#20250027,Automated Application Processing & Evaluation of projects using AI/ML integrated with the existing schemes portal.,Public Services,['ai_ml'],"This advanced solution utilizes ai_ml to conduct comprehensive risk and performance assessments, addressing key challenges in the public services domain."
I#20250028,AI-Powered Legal Opinion Assistant,Public Services,[],"A comprehensive platform that uses advanced analytics and machine learning for provide legal assistance and advisory services, enhancing efficiency and outcomes in public services operations."
I#20250029,AI-Powered Legal Assistant for Government,Public Services,"['ai_ml', 'nlp']","A comprehensive platform that uses ai_ml and nlp for provide legal assistance and advisory services, enhancing efficiency and outcomes in public services operations."
I#20250030,AI-Enabled Local Development Assistance Planner,Public Services,['ai_ml'],"This innovative solution leverages ai_ml to leverage artificial intelligence to enhance decision-making processes, specifically tailored for public services applications."
I#20250031,"Develop AI tool to integrate and analyze data on rainfall, soil moisture, 
groundwater levels, and consumption patterns to support data-driven water 
planning at the Local Body level",Public Services,['ai_ml'],"A comprehensive platform that uses ai_ml for optimize planning and scheduling operations, enhancing efficiency and outcomes in public services operations."
I#20250032,AI-powered landslide risk prediction and  mapping,Public Services,['iot'],"An automated system that employs iot to provide accurate predictions and future trend analysis, delivering improved performance in public services management."
I#20250033,AI-based rapid damage assessment,Public Services,[],"This innovative solution leverages advanced analytics and machine learning to conduct comprehensive risk and performance assessments, specifically tailored for public services applications."
I#20250034,Livestock diseases identification tool,Public Services,"['ai_ml', 'computer_vision']","An automated system that employs ai_ml and computer_vision to facilitate intelligent selection and identification processes, delivering improved performance in public services management."
I#20250035,AI-powered Health Screening with Consent-based Data Sharing,Public Services,[],"This advanced solution utilizes advanced analytics and machine learning to enhance healthcare services and patient care, addressing key challenges in the public services domain."
I#20250036,"NLP-enabled Real-time Consultation Transcription with 
Voice assistance , Integration with Digital Health Systems ",Public Services,"['ai_ml', 'nlp']","A comprehensive platform that uses ai_ml and nlp for enhance healthcare services and patient care, enhancing efficiency and outcomes in public services operations."
I#20250037,"Compliance monitoring is not effective due to lack of adequate inspecting 
officers.",Public Services,"['ai_ml', 'iot', 'big_data']","An automated system that employs ai_ml, iot, and big_data to monitor activities and track performance metrics in real-time, delivering improved performance in public services management."
I#20250038," 
Legal management system for assistance to Board officers ",Public Services,[],"This innovative solution leverages advanced analytics and machine learning to streamline management and coordination tasks, specifically tailored for public services applications."
I#20250039,"Auto generation of reports and documents from the data available from the 
various web applications of the Board. ",Public Services,"['ai_ml', 'big_data']","An automated system that employs ai_ml and big_data to manage document registration and filing processes efficiently, delivering improved performance in public services management."
I#20250040,"Handling queries from public regarding the norms and services of the Board, 
scrutiny of applications and documents, fraud detection, compliance 
monitoring, data analytics, identification of pollution hot spots, evaluation of 
carrying capacity prior to grant of Consent to Establish for polluting 
industries, generation of reports, legal action management",Public Services,['ai_ml'],"This advanced solution utilizes ai_ml to detect and prevent fraudulent activities through advanced pattern recognition, addressing key challenges in the public services domain."
I#20250041,"AI-Based Employer Financial Health Assessment System for 
Compliance Optimization & Crisis Support ",Public Services,['ai_ml'],"This innovative solution leverages ai_ml to optimize processes and improve operational efficiency, specifically tailored for public services applications."
I#20250042,"AI-Powered Registration Helpdesk 
",Public Services,['ai_ml'],An AI-powered system designed to manage document registration and filing processes efficiently through advanced ai_ml implementation in the public services sector.
I#20250043,"AI-powered document digitization, extraction, compression, 
and PDF management system integrated with the PEARL 
platform. ",Public Services,"['ai_ml', 'nlp']","An automated system that employs ai_ml and nlp to streamline management and coordination tasks, delivering improved performance in public services management."
I#20250044,"AI-Powered Document Registration Reporting, and Revenue 
Optimization System ",Public Services,[],"This advanced solution utilizes advanced analytics and machine learning to optimize processes and improve operational efficiency, addressing key challenges in the public services domain."
I#20250045,AI-powered anomaly detection in land records,Public Services,[],An AI-powered system designed to detect and prevent fraudulent activities through advanced pattern recognition through advanced advanced analytics and machine learning implementation in the public services sector.
I#20250046,AI-driven claim verification and prioritization,Public Services,['ai_ml'],"This innovative solution leverages ai_ml to validate data accuracy and ensure information integrity, specifically tailored for public services applications."
I#20250047,Implement an AI system that uses document verification + satellite imagery + land valuation models to assist RDO and Village Officers in decision-making,Public Services,[],"This advanced solution utilizes advanced analytics and machine learning to manage document registration and filing processes efficiently, addressing key challenges in the public services domain."
I#20250048,"Online application for Revenue Department citizen services (25+ certificates 
such as income, domicile, caste, solvency, nativity, etc.) ",Public Services,[],"This innovative solution leverages advanced analytics and machine learning to manage financial operations and revenue optimization, specifically tailored for public services applications."
I#20250049,Dynamic dashboard and Intelligent query based dynamic reporting using data analytics,Dairy & Livestock,[],"This advanced solution utilizes advanced analytics and machine learning to conduct comprehensive data analysis and generate actionable insights, addressing key challenges in the dairy & livestock domain."
I#20250050,AI-based anomaly detection for fraud prevention,Public Services,['ai_ml'],"A comprehensive platform that uses ai_ml for detect and prevent fraudulent activities through advanced pattern recognition, enhancing efficiency and outcomes in public services operations."
I#20250051,AI-based complaint classification and prioritization,Public Services,"['ai_ml', 'nlp']",An AI-powered system designed to handle complaints and feedback efficiently with automated workflows through advanced ai_ml and nlp implementation in the public services sector.
I#20250052,AI-Powered Decision Support System,Public Services,['ai_ml'],"This innovative solution leverages ai_ml to leverage artificial intelligence to enhance decision-making processes, specifically tailored for public services applications."
I#20250053,Intelligent GO Search,Public Services,['ai_ml'],"This innovative solution leverages ai_ml to enhance operational capabilities and service delivery, specifically tailored for public services applications."
I#20250054,Predictive analytics for demand forecasting and policy impact assessment,Healthcare Services,[],"An automated system that employs advanced analytics and machine learning to provide accurate predictions and future trend analysis, delivering improved performance in healthcare services management."
I#20250055,Computer vision for automated monitoring via satellite and CCTV feeds,Industry & Infrastructure,[],"An automated system that employs advanced analytics and machine learning to monitor activities and track performance metrics in real-time, delivering improved performance in industry & infrastructure management."
